{"cameraMode":{"drawMode":0,"name":"Shaded","section":"Shading Mode"},"sceneLighting":true,"audioPlay":false,"sceneViewState":{"showFog":true,"showMaterialUpdate":false,"showSkybox":true,"showFlares":true,"showImageEffects":true,"showParticleSystems":true},"in2DMode":false,"pivot":{"x":5.57504940032959,"y":-7.186928749084473,"z":4.2049336433410648},"rotation":{"x":0.16770726442337037,"y":-0.8293502926826477,"z":0.3365548551082611,"w":0.41327375173568728},"size":52.06662368774414,"orthographic":true}