{"cameraMode":{"drawMode":0,"name":"Shaded","section":"Shading Mode"},"sceneLighting":true,"audioPlay":false,"sceneViewState":{"showFog":true,"showMaterialUpdate":false,"showSkybox":true,"showFlares":true,"showImageEffects":true,"showParticleSystems":true},"in2DMode":false,"pivot":{"x":74.8532485961914,"y":3.911501407623291,"z":2.7224597930908205},"rotation":{"x":0.5259501338005066,"y":-0.05223831161856651,"z":0.032385583966970447,"w":0.8482972979545593},"size":55.16990280151367,"orthographic":true}